{"cameraMode":{"drawMode":0,"name":"Shaded","section":"Shading Mode"},"sceneLighting":true,"audioPlay":false,"sceneViewState":{"m_AlwaysRefresh":false,"showFog":true,"showSkybox":true,"showFlares":true,"showImageEffects":true,"showParticleSystems":true,"showVisualEffectGraphs":true,"m_FxEnabled":true},"in2DMode":false,"pivot":{"x":-7.003496170043945,"y":3.8347816467285158,"z":-3.2441635131835939},"rotation":{"x":0.0001703760353848338,"y":-0.8179855346679688,"z":0.5752407908439636,"w":0.00024259100609924644},"size":55.287986755371097,"orthographic":false}